timestamp,machine_id,event_type,platform_id,cpu_capacity,memory_capacity
0,pm_0001,0,HP_ProLiant_G5,1.0,1.0
0,pm_0002,0,HP_ProLiant_G5,1.0,1.0
0,pm_0003,0,HP_ProLiant_G5,1.0,1.0
0,pm_0004,0,HP_ProLiant_G5,1.0,1.0
0,pm_0005,0,HP_ProLiant_G5,1.0,1.0
0,pm_0006,0,HP_ProLiant_G5,1.0,1.0
0,pm_0007,0,HP_ProLiant_G5,1.0,1.0
0,pm_0008,0,HP_ProLiant_G5,1.0,1.0
0,pm_0009,0,HP_ProLiant_G5,1.0,1.0
0,pm_0010,0,HP_ProLiant_G5,1.0,1.0
0,pm_0011,0,HP_ProLiant_G5,1.0,1.0
0,pm_0012,0,HP_ProLiant_G5,1.0,1.0
0,pm_0013,0,HP_ProLiant_G5,1.0,1.0
0,pm_0014,0,HP_ProLiant_G5,1.0,1.0
0,pm_0015,0,HP_ProLiant_G5,1.0,1.0
0,pm_0016,0,HP_ProLiant_G5,1.0,1.0
0,pm_0017,0,HP_ProLiant_G5,1.0,1.0
0,pm_0018,0,HP_ProLiant_G5,1.0,1.0
0,pm_0019,0,HP_ProLiant_G5,1.0,1.0
0,pm_0020,0,HP_ProLiant_G5,1.0,1.0
0,pm_0021,0,HP_ProLiant_G5,1.0,1.0
0,pm_0022,0,HP_ProLiant_G5,1.0,1.0
0,pm_0023,0,HP_ProLiant_G5,1.0,1.0
0,pm_0024,0,HP_ProLiant_G5,1.0,1.0
0,pm_0025,0,HP_ProLiant_G5,1.0,1.0
0,pm_0026,0,HP_ProLiant_G5,1.0,1.0
0,pm_0027,0,HP_ProLiant_G5,1.0,1.0
0,pm_0028,0,HP_ProLiant_G5,1.0,1.0
0,pm_0029,0,HP_ProLiant_G5,1.0,1.0
0,pm_0030,0,HP_ProLiant_G5,1.0,1.0
0,pm_0031,0,HP_ProLiant_G5,1.0,1.0
0,pm_0032,0,HP_ProLiant_G5,1.0,1.0
0,pm_0033,0,HP_ProLiant_G5,1.0,1.0
0,pm_0034,0,HP_ProLiant_G5,1.0,1.0
0,pm_0035,0,HP_ProLiant_G5,1.0,1.0
0,pm_0036,0,HP_ProLiant_G5,1.0,1.0
0,pm_0037,0,HP_ProLiant_G5,1.0,1.0
0,pm_0038,0,HP_ProLiant_G5,1.0,1.0
0,pm_0039,0,HP_ProLiant_G5,1.0,1.0
0,pm_0040,0,HP_ProLiant_G5,1.0,1.0
0,pm_0041,0,HP_ProLiant_G5,1.0,1.0
0,pm_0042,0,HP_ProLiant_G5,1.0,1.0
0,pm_0043,0,HP_ProLiant_G5,1.0,1.0
0,pm_0044,0,HP_ProLiant_G5,1.0,1.0
0,pm_0045,0,HP_ProLiant_G5,1.0,1.0
0,pm_0046,0,HP_ProLiant_G5,1.0,1.0
0,pm_0047,0,HP_ProLiant_G5,1.0,1.0
0,pm_0048,0,HP_ProLiant_G5,1.0,1.0
0,pm_0049,0,HP_ProLiant_G5,1.0,1.0
0,pm_0050,0,HP_ProLiant_G5,1.0,1.0
0,pm_0051,0,HP_ProLiant_G5,1.0,1.0
0,pm_0052,0,HP_ProLiant_G5,1.0,1.0
0,pm_0053,0,HP_ProLiant_G5,1.0,1.0
0,pm_0054,0,HP_ProLiant_G5,1.0,1.0
0,pm_0055,0,HP_ProLiant_G5,1.0,1.0
0,pm_0056,0,HP_ProLiant_G5,1.0,1.0
0,pm_0057,0,HP_ProLiant_G5,1.0,1.0
0,pm_0058,0,HP_ProLiant_G5,1.0,1.0
0,pm_0059,0,HP_ProLiant_G5,1.0,1.0
0,pm_0060,0,HP_ProLiant_G5,1.0,1.0
0,pm_0061,0,HP_ProLiant_G5,1.0,1.0
0,pm_0062,0,HP_ProLiant_G5,1.0,1.0
0,pm_0063,0,HP_ProLiant_G5,1.0,1.0
0,pm_0064,0,HP_ProLiant_G5,1.0,1.0
0,pm_0065,0,HP_ProLiant_G5,1.0,1.0
0,pm_0066,0,HP_ProLiant_G5,1.0,1.0
0,pm_0067,0,HP_ProLiant_G5,1.0,1.0
0,pm_0068,0,HP_ProLiant_G5,1.0,1.0
0,pm_0069,0,HP_ProLiant_G5,1.0,1.0
0,pm_0070,0,HP_ProLiant_G5,1.0,1.0
0,pm_0071,0,HP_ProLiant_G5,1.0,1.0
0,pm_0072,0,HP_ProLiant_G5,1.0,1.0
0,pm_0073,0,HP_ProLiant_G5,1.0,1.0
0,pm_0074,0,HP_ProLiant_G5,1.0,1.0
0,pm_0075,0,HP_ProLiant_G5,1.0,1.0
0,pm_0076,0,HP_ProLiant_G5,1.0,1.0
0,pm_0077,0,HP_ProLiant_G5,1.0,1.0
0,pm_0078,0,HP_ProLiant_G5,1.0,1.0
0,pm_0079,0,HP_ProLiant_G5,1.0,1.0
0,pm_0080,0,HP_ProLiant_G5,1.0,1.0
0,pm_0081,0,HP_ProLiant_G5,1.0,1.0
0,pm_0082,0,HP_ProLiant_G5,1.0,1.0
0,pm_0083,0,HP_ProLiant_G5,1.0,1.0
0,pm_0084,0,HP_ProLiant_G5,1.0,1.0
0,pm_0085,0,HP_ProLiant_G5,1.0,1.0
0,pm_0086,0,HP_ProLiant_G5,1.0,1.0
0,pm_0087,0,HP_ProLiant_G5,1.0,1.0
0,pm_0088,0,HP_ProLiant_G5,1.0,1.0
0,pm_0089,0,HP_ProLiant_G5,1.0,1.0
0,pm_0090,0,HP_ProLiant_G5,1.0,1.0
0,pm_0091,0,HP_ProLiant_G5,1.0,1.0
0,pm_0092,0,HP_ProLiant_G5,1.0,1.0
0,pm_0093,0,HP_ProLiant_G5,1.0,1.0
0,pm_0094,0,HP_ProLiant_G5,1.0,1.0
0,pm_0095,0,HP_ProLiant_G5,1.0,1.0
0,pm_0096,0,HP_ProLiant_G5,1.0,1.0
0,pm_0097,0,HP_ProLiant_G5,1.0,1.0
0,pm_0098,0,HP_ProLiant_G5,1.0,1.0
0,pm_0099,0,HP_ProLiant_G5,1.0,1.0
0,pm_0100,0,HP_ProLiant_G5,1.0,1.0
0,pm_0101,0,HP_ProLiant_G5,1.0,1.0
0,pm_0102,0,HP_ProLiant_G5,1.0,1.0
0,pm_0103,0,HP_ProLiant_G5,1.0,1.0
0,pm_0104,0,HP_ProLiant_G5,1.0,1.0
0,pm_0105,0,HP_ProLiant_G5,1.0,1.0
0,pm_0106,0,HP_ProLiant_G5,1.0,1.0
0,pm_0107,0,HP_ProLiant_G5,1.0,1.0
0,pm_0108,0,HP_ProLiant_G5,1.0,1.0
0,pm_0109,0,HP_ProLiant_G5,1.0,1.0
0,pm_0110,0,HP_ProLiant_G5,1.0,1.0
0,pm_0111,0,HP_ProLiant_G5,1.0,1.0
0,pm_0112,0,HP_ProLiant_G5,1.0,1.0
0,pm_0113,0,HP_ProLiant_G5,1.0,1.0
0,pm_0114,0,HP_ProLiant_G5,1.0,1.0
0,pm_0115,0,HP_ProLiant_G5,1.0,1.0
0,pm_0116,0,HP_ProLiant_G5,1.0,1.0
0,pm_0117,0,HP_ProLiant_G5,1.0,1.0
0,pm_0118,0,HP_ProLiant_G5,1.0,1.0
0,pm_0119,0,HP_ProLiant_G5,1.0,1.0
0,pm_0120,0,HP_ProLiant_G5,1.0,1.0
0,pm_0121,0,HP_ProLiant_G5,1.0,1.0
0,pm_0122,0,HP_ProLiant_G5,1.0,1.0
0,pm_0123,0,HP_ProLiant_G5,1.0,1.0
0,pm_0124,0,HP_ProLiant_G5,1.0,1.0
0,pm_0125,0,HP_ProLiant_G5,1.0,1.0
0,pm_0126,0,HP_ProLiant_G5,1.0,1.0
0,pm_0127,0,HP_ProLiant_G5,1.0,1.0
0,pm_0128,0,HP_ProLiant_G5,1.0,1.0
0,pm_0129,0,HP_ProLiant_G5,1.0,1.0
0,pm_0130,0,HP_ProLiant_G5,1.0,1.0
0,pm_0131,0,HP_ProLiant_G5,1.0,1.0
0,pm_0132,0,HP_ProLiant_G5,1.0,1.0
0,pm_0133,0,HP_ProLiant_G5,1.0,1.0
0,pm_0134,0,HP_ProLiant_G5,1.0,1.0
0,pm_0135,0,HP_ProLiant_G5,1.0,1.0
0,pm_0136,0,HP_ProLiant_G5,1.0,1.0
0,pm_0137,0,HP_ProLiant_G5,1.0,1.0
0,pm_0138,0,HP_ProLiant_G5,1.0,1.0
0,pm_0139,0,HP_ProLiant_G5,1.0,1.0
0,pm_0140,0,HP_ProLiant_G5,1.0,1.0
0,pm_0141,0,HP_ProLiant_G5,1.0,1.0
0,pm_0142,0,HP_ProLiant_G5,1.0,1.0
0,pm_0143,0,HP_ProLiant_G5,1.0,1.0
0,pm_0144,0,HP_ProLiant_G5,1.0,1.0
0,pm_0145,0,HP_ProLiant_G5,1.0,1.0
0,pm_0146,0,HP_ProLiant_G5,1.0,1.0
0,pm_0147,0,HP_ProLiant_G5,1.0,1.0
0,pm_0148,0,HP_ProLiant_G5,1.0,1.0
0,pm_0149,0,HP_ProLiant_G5,1.0,1.0
0,pm_0150,0,HP_ProLiant_G5,1.0,1.0
0,pm_0151,0,HP_ProLiant_G5,1.0,1.0
0,pm_0152,0,HP_ProLiant_G5,1.0,1.0
0,pm_0153,0,HP_ProLiant_G5,1.0,1.0
0,pm_0154,0,HP_ProLiant_G5,1.0,1.0
0,pm_0155,0,HP_ProLiant_G5,1.0,1.0
0,pm_0156,0,HP_ProLiant_G5,1.0,1.0
0,pm_0157,0,HP_ProLiant_G5,1.0,1.0
0,pm_0158,0,HP_ProLiant_G5,1.0,1.0
0,pm_0159,0,HP_ProLiant_G5,1.0,1.0
0,pm_0160,0,HP_ProLiant_G5,1.0,1.0
0,pm_0161,0,HP_ProLiant_G5,1.0,1.0
0,pm_0162,0,HP_ProLiant_G5,1.0,1.0
0,pm_0163,0,HP_ProLiant_G5,1.0,1.0
0,pm_0164,0,HP_ProLiant_G5,1.0,1.0
0,pm_0165,0,HP_ProLiant_G5,1.0,1.0
0,pm_0166,0,HP_ProLiant_G5,1.0,1.0
0,pm_0167,0,HP_ProLiant_G5,1.0,1.0
0,pm_0168,0,HP_ProLiant_G5,1.0,1.0
0,pm_0169,0,HP_ProLiant_G5,1.0,1.0
0,pm_0170,0,HP_ProLiant_G5,1.0,1.0
0,pm_0171,0,HP_ProLiant_G5,1.0,1.0
0,pm_0172,0,HP_ProLiant_G5,1.0,1.0
0,pm_0173,0,HP_ProLiant_G5,1.0,1.0
0,pm_0174,0,HP_ProLiant_G5,1.0,1.0
0,pm_0175,0,HP_ProLiant_G5,1.0,1.0
0,pm_0176,0,HP_ProLiant_G5,1.0,1.0
0,pm_0177,0,HP_ProLiant_G5,1.0,1.0
0,pm_0178,0,HP_ProLiant_G5,1.0,1.0
0,pm_0179,0,HP_ProLiant_G5,1.0,1.0
0,pm_0180,0,HP_ProLiant_G5,1.0,1.0
0,pm_0181,0,HP_ProLiant_G5,1.0,1.0
0,pm_0182,0,HP_ProLiant_G5,1.0,1.0
0,pm_0183,0,HP_ProLiant_G5,1.0,1.0
0,pm_0184,0,HP_ProLiant_G5,1.0,1.0
0,pm_0185,0,HP_ProLiant_G5,1.0,1.0
0,pm_0186,0,HP_ProLiant_G5,1.0,1.0
0,pm_0187,0,HP_ProLiant_G5,1.0,1.0
0,pm_0188,0,HP_ProLiant_G5,1.0,1.0
0,pm_0189,0,HP_ProLiant_G5,1.0,1.0
0,pm_0190,0,HP_ProLiant_G5,1.0,1.0
0,pm_0191,0,HP_ProLiant_G5,1.0,1.0
0,pm_0192,0,HP_ProLiant_G5,1.0,1.0
0,pm_0193,0,HP_ProLiant_G5,1.0,1.0
0,pm_0194,0,HP_ProLiant_G5,1.0,1.0
0,pm_0195,0,HP_ProLiant_G5,1.0,1.0
0,pm_0196,0,HP_ProLiant_G5,1.0,1.0
0,pm_0197,0,HP_ProLiant_G5,1.0,1.0
0,pm_0198,0,HP_ProLiant_G5,1.0,1.0
0,pm_0199,0,HP_ProLiant_G5,1.0,1.0
0,pm_0200,0,HP_ProLiant_G5,1.0,1.0
0,pm_0201,0,HP_ProLiant_G5,1.0,1.0
0,pm_0202,0,HP_ProLiant_G5,1.0,1.0
0,pm_0203,0,HP_ProLiant_G5,1.0,1.0
0,pm_0204,0,HP_ProLiant_G5,1.0,1.0
0,pm_0205,0,HP_ProLiant_G5,1.0,1.0
0,pm_0206,0,HP_ProLiant_G5,1.0,1.0
0,pm_0207,0,HP_ProLiant_G5,1.0,1.0
0,pm_0208,0,HP_ProLiant_G5,1.0,1.0
0,pm_0209,0,HP_ProLiant_G5,1.0,1.0
0,pm_0210,0,HP_ProLiant_G5,1.0,1.0
0,pm_0211,0,HP_ProLiant_G5,1.0,1.0
0,pm_0212,0,HP_ProLiant_G5,1.0,1.0
0,pm_0213,0,HP_ProLiant_G5,1.0,1.0
0,pm_0214,0,HP_ProLiant_G5,1.0,1.0
0,pm_0215,0,HP_ProLiant_G5,1.0,1.0
0,pm_0216,0,HP_ProLiant_G5,1.0,1.0
0,pm_0217,0,HP_ProLiant_G5,1.0,1.0
0,pm_0218,0,HP_ProLiant_G5,1.0,1.0
0,pm_0219,0,HP_ProLiant_G5,1.0,1.0
0,pm_0220,0,HP_ProLiant_G5,1.0,1.0
0,pm_0221,0,HP_ProLiant_G5,1.0,1.0
0,pm_0222,0,HP_ProLiant_G5,1.0,1.0
0,pm_0223,0,HP_ProLiant_G5,1.0,1.0
0,pm_0224,0,HP_ProLiant_G5,1.0,1.0
0,pm_0225,0,HP_ProLiant_G5,1.0,1.0
0,pm_0226,0,HP_ProLiant_G5,1.0,1.0
0,pm_0227,0,HP_ProLiant_G5,1.0,1.0
0,pm_0228,0,HP_ProLiant_G5,1.0,1.0
0,pm_0229,0,HP_ProLiant_G5,1.0,1.0
0,pm_0230,0,HP_ProLiant_G5,1.0,1.0
0,pm_0231,0,HP_ProLiant_G5,1.0,1.0
0,pm_0232,0,HP_ProLiant_G5,1.0,1.0
0,pm_0233,0,HP_ProLiant_G5,1.0,1.0
0,pm_0234,0,HP_ProLiant_G5,1.0,1.0
0,pm_0235,0,HP_ProLiant_G5,1.0,1.0
0,pm_0236,0,HP_ProLiant_G5,1.0,1.0
0,pm_0237,0,HP_ProLiant_G5,1.0,1.0
0,pm_0238,0,HP_ProLiant_G5,1.0,1.0
0,pm_0239,0,HP_ProLiant_G5,1.0,1.0
0,pm_0240,0,HP_ProLiant_G5,1.0,1.0
0,pm_0241,0,HP_ProLiant_G5,1.0,1.0
0,pm_0242,0,HP_ProLiant_G5,1.0,1.0
0,pm_0243,0,HP_ProLiant_G5,1.0,1.0
0,pm_0244,0,HP_ProLiant_G5,1.0,1.0
0,pm_0245,0,HP_ProLiant_G5,1.0,1.0
0,pm_0246,0,HP_ProLiant_G5,1.0,1.0
0,pm_0247,0,HP_ProLiant_G5,1.0,1.0
0,pm_0248,0,HP_ProLiant_G5,1.0,1.0
0,pm_0249,0,HP_ProLiant_G5,1.0,1.0
0,pm_0250,0,HP_ProLiant_G5,1.0,1.0
0,pm_0251,0,HP_ProLiant_G5,1.0,1.0
0,pm_0252,0,HP_ProLiant_G5,1.0,1.0
0,pm_0253,0,HP_ProLiant_G5,1.0,1.0
0,pm_0254,0,HP_ProLiant_G5,1.0,1.0
0,pm_0255,0,HP_ProLiant_G5,1.0,1.0
0,pm_0256,0,HP_ProLiant_G5,1.0,1.0
0,pm_0257,0,HP_ProLiant_G5,1.0,1.0
0,pm_0258,0,HP_ProLiant_G5,1.0,1.0
0,pm_0259,0,HP_ProLiant_G5,1.0,1.0
0,pm_0260,0,HP_ProLiant_G5,1.0,1.0
0,pm_0261,0,HP_ProLiant_G5,1.0,1.0
0,pm_0262,0,HP_ProLiant_G5,1.0,1.0
0,pm_0263,0,HP_ProLiant_G5,1.0,1.0
0,pm_0264,0,HP_ProLiant_G5,1.0,1.0
0,pm_0265,0,HP_ProLiant_G5,1.0,1.0
0,pm_0266,0,HP_ProLiant_G5,1.0,1.0
0,pm_0267,0,HP_ProLiant_G5,1.0,1.0
0,pm_0268,0,HP_ProLiant_G5,1.0,1.0
0,pm_0269,0,HP_ProLiant_G5,1.0,1.0
0,pm_0270,0,HP_ProLiant_G5,1.0,1.0
0,pm_0271,0,HP_ProLiant_G5,1.0,1.0
0,pm_0272,0,HP_ProLiant_G5,1.0,1.0
0,pm_0273,0,HP_ProLiant_G5,1.0,1.0
0,pm_0274,0,HP_ProLiant_G5,1.0,1.0
0,pm_0275,0,HP_ProLiant_G5,1.0,1.0
0,pm_0276,0,HP_ProLiant_G5,1.0,1.0
0,pm_0277,0,HP_ProLiant_G5,1.0,1.0
0,pm_0278,0,HP_ProLiant_G5,1.0,1.0
0,pm_0279,0,HP_ProLiant_G5,1.0,1.0
0,pm_0280,0,HP_ProLiant_G5,1.0,1.0
0,pm_0281,0,HP_ProLiant_G5,1.0,1.0
0,pm_0282,0,HP_ProLiant_G5,1.0,1.0
0,pm_0283,0,HP_ProLiant_G5,1.0,1.0
0,pm_0284,0,HP_ProLiant_G5,1.0,1.0
0,pm_0285,0,HP_ProLiant_G5,1.0,1.0
0,pm_0286,0,HP_ProLiant_G5,1.0,1.0
0,pm_0287,0,HP_ProLiant_G5,1.0,1.0
0,pm_0288,0,HP_ProLiant_G5,1.0,1.0
0,pm_0289,0,HP_ProLiant_G5,1.0,1.0
0,pm_0290,0,HP_ProLiant_G5,1.0,1.0
0,pm_0291,0,HP_ProLiant_G5,1.0,1.0
0,pm_0292,0,HP_ProLiant_G5,1.0,1.0
0,pm_0293,0,HP_ProLiant_G5,1.0,1.0
0,pm_0294,0,HP_ProLiant_G5,1.0,1.0
0,pm_0295,0,HP_ProLiant_G5,1.0,1.0
0,pm_0296,0,HP_ProLiant_G5,1.0,1.0
0,pm_0297,0,HP_ProLiant_G5,1.0,1.0
0,pm_0298,0,HP_ProLiant_G5,1.0,1.0
0,pm_0299,0,HP_ProLiant_G5,1.0,1.0
0,pm_0300,0,HP_ProLiant_G5,1.0,1.0
0,pm_0301,0,HP_ProLiant_G5,1.0,1.0
0,pm_0302,0,HP_ProLiant_G5,1.0,1.0
0,pm_0303,0,HP_ProLiant_G5,1.0,1.0
0,pm_0304,0,HP_ProLiant_G5,1.0,1.0
0,pm_0305,0,HP_ProLiant_G5,1.0,1.0
0,pm_0306,0,HP_ProLiant_G5,1.0,1.0
0,pm_0307,0,HP_ProLiant_G5,1.0,1.0
0,pm_0308,0,HP_ProLiant_G5,1.0,1.0
0,pm_0309,0,HP_ProLiant_G5,1.0,1.0
0,pm_0310,0,HP_ProLiant_G5,1.0,1.0
0,pm_0311,0,HP_ProLiant_G5,1.0,1.0
0,pm_0312,0,HP_ProLiant_G5,1.0,1.0
0,pm_0313,0,HP_ProLiant_G5,1.0,1.0
0,pm_0314,0,HP_ProLiant_G5,1.0,1.0
0,pm_0315,0,HP_ProLiant_G5,1.0,1.0
0,pm_0316,0,HP_ProLiant_G5,1.0,1.0
0,pm_0317,0,HP_ProLiant_G5,1.0,1.0
0,pm_0318,0,HP_ProLiant_G5,1.0,1.0
0,pm_0319,0,HP_ProLiant_G5,1.0,1.0
0,pm_0320,0,HP_ProLiant_G5,1.0,1.0
0,pm_0321,0,HP_ProLiant_G5,1.0,1.0
0,pm_0322,0,HP_ProLiant_G5,1.0,1.0
0,pm_0323,0,HP_ProLiant_G5,1.0,1.0
0,pm_0324,0,HP_ProLiant_G5,1.0,1.0
0,pm_0325,0,HP_ProLiant_G5,1.0,1.0
0,pm_0326,0,HP_ProLiant_G5,1.0,1.0
0,pm_0327,0,HP_ProLiant_G5,1.0,1.0
0,pm_0328,0,HP_ProLiant_G5,1.0,1.0
0,pm_0329,0,HP_ProLiant_G5,1.0,1.0
0,pm_0330,0,HP_ProLiant_G5,1.0,1.0
0,pm_0331,0,HP_ProLiant_G5,1.0,1.0
0,pm_0332,0,HP_ProLiant_G5,1.0,1.0
0,pm_0333,0,HP_ProLiant_G5,1.0,1.0
0,pm_0334,0,HP_ProLiant_G5,1.0,1.0
0,pm_0335,0,HP_ProLiant_G5,1.0,1.0
0,pm_0336,0,HP_ProLiant_G5,1.0,1.0
0,pm_0337,0,HP_ProLiant_G5,1.0,1.0
0,pm_0338,0,HP_ProLiant_G5,1.0,1.0
0,pm_0339,0,HP_ProLiant_G5,1.0,1.0
0,pm_0340,0,HP_ProLiant_G5,1.0,1.0
0,pm_0341,0,HP_ProLiant_G5,1.0,1.0
0,pm_0342,0,HP_ProLiant_G5,1.0,1.0
0,pm_0343,0,HP_ProLiant_G5,1.0,1.0
0,pm_0344,0,HP_ProLiant_G5,1.0,1.0
0,pm_0345,0,HP_ProLiant_G5,1.0,1.0
0,pm_0346,0,HP_ProLiant_G5,1.0,1.0
0,pm_0347,0,HP_ProLiant_G5,1.0,1.0
0,pm_0348,0,HP_ProLiant_G5,1.0,1.0
0,pm_0349,0,HP_ProLiant_G5,1.0,1.0
0,pm_0350,0,HP_ProLiant_G5,1.0,1.0
0,pm_0351,0,HP_ProLiant_G5,1.0,1.0
0,pm_0352,0,HP_ProLiant_G5,1.0,1.0
0,pm_0353,0,HP_ProLiant_G5,1.0,1.0
0,pm_0354,0,HP_ProLiant_G5,1.0,1.0
0,pm_0355,0,HP_ProLiant_G5,1.0,1.0
0,pm_0356,0,HP_ProLiant_G5,1.0,1.0
0,pm_0357,0,HP_ProLiant_G5,1.0,1.0
0,pm_0358,0,HP_ProLiant_G5,1.0,1.0
0,pm_0359,0,HP_ProLiant_G5,1.0,1.0
0,pm_0360,0,HP_ProLiant_G5,1.0,1.0
0,pm_0361,0,HP_ProLiant_G5,1.0,1.0
0,pm_0362,0,HP_ProLiant_G5,1.0,1.0
0,pm_0363,0,HP_ProLiant_G5,1.0,1.0
0,pm_0364,0,HP_ProLiant_G5,1.0,1.0
0,pm_0365,0,HP_ProLiant_G5,1.0,1.0
0,pm_0366,0,HP_ProLiant_G5,1.0,1.0
0,pm_0367,0,HP_ProLiant_G5,1.0,1.0
0,pm_0368,0,HP_ProLiant_G5,1.0,1.0
0,pm_0369,0,HP_ProLiant_G5,1.0,1.0
0,pm_0370,0,HP_ProLiant_G5,1.0,1.0
0,pm_0371,0,HP_ProLiant_G5,1.0,1.0
0,pm_0372,0,HP_ProLiant_G5,1.0,1.0
0,pm_0373,0,HP_ProLiant_G5,1.0,1.0
0,pm_0374,0,HP_ProLiant_G5,1.0,1.0
0,pm_0375,0,HP_ProLiant_G5,1.0,1.0
0,pm_0376,0,HP_ProLiant_G5,1.0,1.0
0,pm_0377,0,HP_ProLiant_G5,1.0,1.0
0,pm_0378,0,HP_ProLiant_G5,1.0,1.0
0,pm_0379,0,HP_ProLiant_G5,1.0,1.0
0,pm_0380,0,HP_ProLiant_G5,1.0,1.0
0,pm_0381,0,HP_ProLiant_G5,1.0,1.0
0,pm_0382,0,HP_ProLiant_G5,1.0,1.0
0,pm_0383,0,HP_ProLiant_G5,1.0,1.0
0,pm_0384,0,HP_ProLiant_G5,1.0,1.0
0,pm_0385,0,HP_ProLiant_G5,1.0,1.0
0,pm_0386,0,HP_ProLiant_G5,1.0,1.0
0,pm_0387,0,HP_ProLiant_G5,1.0,1.0
0,pm_0388,0,HP_ProLiant_G5,1.0,1.0
0,pm_0389,0,HP_ProLiant_G5,1.0,1.0
0,pm_0390,0,HP_ProLiant_G5,1.0,1.0
0,pm_0391,0,HP_ProLiant_G5,1.0,1.0
0,pm_0392,0,HP_ProLiant_G5,1.0,1.0
0,pm_0393,0,HP_ProLiant_G5,1.0,1.0
0,pm_0394,0,HP_ProLiant_G5,1.0,1.0
0,pm_0395,0,HP_ProLiant_G5,1.0,1.0
0,pm_0396,0,HP_ProLiant_G5,1.0,1.0
0,pm_0397,0,HP_ProLiant_G5,1.0,1.0
0,pm_0398,0,HP_ProLiant_G5,1.0,1.0
0,pm_0399,0,HP_ProLiant_G5,1.0,1.0
0,pm_0400,0,HP_ProLiant_G5,1.0,1.0
0,pm_0401,0,HP_ProLiant_G5,1.0,1.0
0,pm_0402,0,HP_ProLiant_G5,1.0,1.0
0,pm_0403,0,HP_ProLiant_G5,1.0,1.0
0,pm_0404,0,HP_ProLiant_G5,1.0,1.0
0,pm_0405,0,HP_ProLiant_G5,1.0,1.0
0,pm_0406,0,HP_ProLiant_G5,1.0,1.0
0,pm_0407,0,HP_ProLiant_G5,1.0,1.0
0,pm_0408,0,HP_ProLiant_G5,1.0,1.0
0,pm_0409,0,HP_ProLiant_G5,1.0,1.0
0,pm_0410,0,HP_ProLiant_G5,1.0,1.0
0,pm_0411,0,HP_ProLiant_G5,1.0,1.0
0,pm_0412,0,HP_ProLiant_G5,1.0,1.0
0,pm_0413,0,HP_ProLiant_G5,1.0,1.0
0,pm_0414,0,HP_ProLiant_G5,1.0,1.0
0,pm_0415,0,HP_ProLiant_G5,1.0,1.0
0,pm_0416,0,HP_ProLiant_G5,1.0,1.0
0,pm_0417,0,HP_ProLiant_G5,1.0,1.0
0,pm_0418,0,HP_ProLiant_G5,1.0,1.0
0,pm_0419,0,HP_ProLiant_G5,1.0,1.0
0,pm_0420,0,HP_ProLiant_G5,1.0,1.0
0,pm_0421,0,HP_ProLiant_G5,1.0,1.0
0,pm_0422,0,HP_ProLiant_G5,1.0,1.0
0,pm_0423,0,HP_ProLiant_G5,1.0,1.0
0,pm_0424,0,HP_ProLiant_G5,1.0,1.0
0,pm_0425,0,HP_ProLiant_G5,1.0,1.0
0,pm_0426,0,HP_ProLiant_G5,1.0,1.0
0,pm_0427,0,HP_ProLiant_G5,1.0,1.0
0,pm_0428,0,HP_ProLiant_G5,1.0,1.0
0,pm_0429,0,HP_ProLiant_G5,1.0,1.0
0,pm_0430,0,HP_ProLiant_G5,1.0,1.0
0,pm_0431,0,HP_ProLiant_G5,1.0,1.0
0,pm_0432,0,HP_ProLiant_G5,1.0,1.0
0,pm_0433,0,HP_ProLiant_G5,1.0,1.0
0,pm_0434,0,HP_ProLiant_G5,1.0,1.0
0,pm_0435,0,HP_ProLiant_G5,1.0,1.0
0,pm_0436,0,HP_ProLiant_G5,1.0,1.0
0,pm_0437,0,HP_ProLiant_G5,1.0,1.0
0,pm_0438,0,HP_ProLiant_G5,1.0,1.0
0,pm_0439,0,HP_ProLiant_G5,1.0,1.0
0,pm_0440,0,HP_ProLiant_G5,1.0,1.0
0,pm_0441,0,HP_ProLiant_G5,1.0,1.0
0,pm_0442,0,HP_ProLiant_G5,1.0,1.0
0,pm_0443,0,HP_ProLiant_G5,1.0,1.0
0,pm_0444,0,HP_ProLiant_G5,1.0,1.0
0,pm_0445,0,HP_ProLiant_G5,1.0,1.0
0,pm_0446,0,HP_ProLiant_G5,1.0,1.0
0,pm_0447,0,HP_ProLiant_G5,1.0,1.0
0,pm_0448,0,HP_ProLiant_G5,1.0,1.0
0,pm_0449,0,HP_ProLiant_G5,1.0,1.0
0,pm_0450,0,HP_ProLiant_G5,1.0,1.0
0,pm_0451,0,HP_ProLiant_G5,1.0,1.0
0,pm_0452,0,HP_ProLiant_G5,1.0,1.0
0,pm_0453,0,HP_ProLiant_G5,1.0,1.0
0,pm_0454,0,HP_ProLiant_G5,1.0,1.0
0,pm_0455,0,HP_ProLiant_G5,1.0,1.0
0,pm_0456,0,HP_ProLiant_G5,1.0,1.0
0,pm_0457,0,HP_ProLiant_G5,1.0,1.0
0,pm_0458,0,HP_ProLiant_G5,1.0,1.0
0,pm_0459,0,HP_ProLiant_G5,1.0,1.0
0,pm_0460,0,HP_ProLiant_G5,1.0,1.0
0,pm_0461,0,HP_ProLiant_G5,1.0,1.0
0,pm_0462,0,HP_ProLiant_G5,1.0,1.0
0,pm_0463,0,HP_ProLiant_G5,1.0,1.0
0,pm_0464,0,HP_ProLiant_G5,1.0,1.0
0,pm_0465,0,HP_ProLiant_G5,1.0,1.0
0,pm_0466,0,HP_ProLiant_G5,1.0,1.0
0,pm_0467,0,HP_ProLiant_G5,1.0,1.0
0,pm_0468,0,HP_ProLiant_G5,1.0,1.0
0,pm_0469,0,HP_ProLiant_G5,1.0,1.0
0,pm_0470,0,HP_ProLiant_G5,1.0,1.0
0,pm_0471,0,HP_ProLiant_G5,1.0,1.0
0,pm_0472,0,HP_ProLiant_G5,1.0,1.0
0,pm_0473,0,HP_ProLiant_G5,1.0,1.0
0,pm_0474,0,HP_ProLiant_G5,1.0,1.0
0,pm_0475,0,HP_ProLiant_G5,1.0,1.0
0,pm_0476,0,HP_ProLiant_G5,1.0,1.0
0,pm_0477,0,HP_ProLiant_G5,1.0,1.0
0,pm_0478,0,HP_ProLiant_G5,1.0,1.0
0,pm_0479,0,HP_ProLiant_G5,1.0,1.0
0,pm_0480,0,HP_ProLiant_G5,1.0,1.0
0,pm_0481,0,HP_ProLiant_G5,1.0,1.0
0,pm_0482,0,HP_ProLiant_G5,1.0,1.0
0,pm_0483,0,HP_ProLiant_G5,1.0,1.0
0,pm_0484,0,HP_ProLiant_G5,1.0,1.0
0,pm_0485,0,HP_ProLiant_G5,1.0,1.0
0,pm_0486,0,HP_ProLiant_G5,1.0,1.0
0,pm_0487,0,HP_ProLiant_G5,1.0,1.0
0,pm_0488,0,HP_ProLiant_G5,1.0,1.0
0,pm_0489,0,HP_ProLiant_G5,1.0,1.0
0,pm_0490,0,HP_ProLiant_G5,1.0,1.0
0,pm_0491,0,HP_ProLiant_G5,1.0,1.0
0,pm_0492,0,HP_ProLiant_G5,1.0,1.0
0,pm_0493,0,HP_ProLiant_G5,1.0,1.0
0,pm_0494,0,HP_ProLiant_G5,1.0,1.0
0,pm_0495,0,HP_ProLiant_G5,1.0,1.0
0,pm_0496,0,HP_ProLiant_G5,1.0,1.0
0,pm_0497,0,HP_ProLiant_G5,1.0,1.0
0,pm_0498,0,HP_ProLiant_G5,1.0,1.0
0,pm_0499,0,HP_ProLiant_G5,1.0,1.0
0,pm_0500,0,HP_ProLiant_G5,1.0,1.0
0,pm_0501,0,HP_ProLiant_G5,1.0,1.0
0,pm_0502,0,HP_ProLiant_G5,1.0,1.0
0,pm_0503,0,HP_ProLiant_G5,1.0,1.0
0,pm_0504,0,HP_ProLiant_G5,1.0,1.0
0,pm_0505,0,HP_ProLiant_G5,1.0,1.0
0,pm_0506,0,HP_ProLiant_G5,1.0,1.0
0,pm_0507,0,HP_ProLiant_G5,1.0,1.0
0,pm_0508,0,HP_ProLiant_G5,1.0,1.0
0,pm_0509,0,HP_ProLiant_G5,1.0,1.0
0,pm_0510,0,HP_ProLiant_G5,1.0,1.0
0,pm_0511,0,HP_ProLiant_G5,1.0,1.0
0,pm_0512,0,HP_ProLiant_G5,1.0,1.0
0,pm_0513,0,HP_ProLiant_G5,1.0,1.0
0,pm_0514,0,HP_ProLiant_G5,1.0,1.0
0,pm_0515,0,HP_ProLiant_G5,1.0,1.0
0,pm_0516,0,HP_ProLiant_G5,1.0,1.0
0,pm_0517,0,HP_ProLiant_G5,1.0,1.0
0,pm_0518,0,HP_ProLiant_G5,1.0,1.0
0,pm_0519,0,HP_ProLiant_G5,1.0,1.0
0,pm_0520,0,HP_ProLiant_G5,1.0,1.0
0,pm_0521,0,HP_ProLiant_G5,1.0,1.0
0,pm_0522,0,HP_ProLiant_G5,1.0,1.0
0,pm_0523,0,HP_ProLiant_G5,1.0,1.0
0,pm_0524,0,HP_ProLiant_G5,1.0,1.0
0,pm_0525,0,HP_ProLiant_G5,1.0,1.0
0,pm_0526,0,HP_ProLiant_G5,1.0,1.0
0,pm_0527,0,HP_ProLiant_G5,1.0,1.0
0,pm_0528,0,HP_ProLiant_G5,1.0,1.0
0,pm_0529,0,HP_ProLiant_G5,1.0,1.0
0,pm_0530,0,HP_ProLiant_G5,1.0,1.0
0,pm_0531,0,HP_ProLiant_G5,1.0,1.0
0,pm_0532,0,HP_ProLiant_G5,1.0,1.0
0,pm_0533,0,HP_ProLiant_G5,1.0,1.0
0,pm_0534,0,HP_ProLiant_G5,1.0,1.0
0,pm_0535,0,HP_ProLiant_G5,1.0,1.0
0,pm_0536,0,HP_ProLiant_G5,1.0,1.0
0,pm_0537,0,HP_ProLiant_G5,1.0,1.0
0,pm_0538,0,HP_ProLiant_G5,1.0,1.0
0,pm_0539,0,HP_ProLiant_G5,1.0,1.0
0,pm_0540,0,HP_ProLiant_G5,1.0,1.0
0,pm_0541,0,HP_ProLiant_G5,1.0,1.0
0,pm_0542,0,HP_ProLiant_G5,1.0,1.0
0,pm_0543,0,HP_ProLiant_G5,1.0,1.0
0,pm_0544,0,HP_ProLiant_G5,1.0,1.0
0,pm_0545,0,HP_ProLiant_G5,1.0,1.0
0,pm_0546,0,HP_ProLiant_G5,1.0,1.0
0,pm_0547,0,HP_ProLiant_G5,1.0,1.0
0,pm_0548,0,HP_ProLiant_G5,1.0,1.0
0,pm_0549,0,HP_ProLiant_G5,1.0,1.0
0,pm_0550,0,HP_ProLiant_G5,1.0,1.0
0,pm_0551,0,HP_ProLiant_G5,1.0,1.0
0,pm_0552,0,HP_ProLiant_G5,1.0,1.0
0,pm_0553,0,HP_ProLiant_G5,1.0,1.0
0,pm_0554,0,HP_ProLiant_G5,1.0,1.0
0,pm_0555,0,HP_ProLiant_G5,1.0,1.0
0,pm_0556,0,HP_ProLiant_G5,1.0,1.0
0,pm_0557,0,HP_ProLiant_G5,1.0,1.0
0,pm_0558,0,HP_ProLiant_G5,1.0,1.0
0,pm_0559,0,HP_ProLiant_G5,1.0,1.0
0,pm_0560,0,HP_ProLiant_G5,1.0,1.0
0,pm_0561,0,HP_ProLiant_G5,1.0,1.0
0,pm_0562,0,HP_ProLiant_G5,1.0,1.0
0,pm_0563,0,HP_ProLiant_G5,1.0,1.0
0,pm_0564,0,HP_ProLiant_G5,1.0,1.0
0,pm_0565,0,HP_ProLiant_G5,1.0,1.0
0,pm_0566,0,HP_ProLiant_G5,1.0,1.0
0,pm_0567,0,HP_ProLiant_G5,1.0,1.0
0,pm_0568,0,HP_ProLiant_G5,1.0,1.0
0,pm_0569,0,HP_ProLiant_G5,1.0,1.0
0,pm_0570,0,HP_ProLiant_G5,1.0,1.0
0,pm_0571,0,HP_ProLiant_G5,1.0,1.0
0,pm_0572,0,HP_ProLiant_G5,1.0,1.0
0,pm_0573,0,HP_ProLiant_G5,1.0,1.0
0,pm_0574,0,HP_ProLiant_G5,1.0,1.0
0,pm_0575,0,HP_ProLiant_G5,1.0,1.0
0,pm_0576,0,HP_ProLiant_G5,1.0,1.0
0,pm_0577,0,HP_ProLiant_G5,1.0,1.0
0,pm_0578,0,HP_ProLiant_G5,1.0,1.0
0,pm_0579,0,HP_ProLiant_G5,1.0,1.0
0,pm_0580,0,HP_ProLiant_G5,1.0,1.0
0,pm_0581,0,HP_ProLiant_G5,1.0,1.0
0,pm_0582,0,HP_ProLiant_G5,1.0,1.0
0,pm_0583,0,HP_ProLiant_G5,1.0,1.0
0,pm_0584,0,HP_ProLiant_G5,1.0,1.0
0,pm_0585,0,HP_ProLiant_G5,1.0,1.0
0,pm_0586,0,HP_ProLiant_G5,1.0,1.0
0,pm_0587,0,HP_ProLiant_G5,1.0,1.0
0,pm_0588,0,HP_ProLiant_G5,1.0,1.0
0,pm_0589,0,HP_ProLiant_G5,1.0,1.0
0,pm_0590,0,HP_ProLiant_G5,1.0,1.0
0,pm_0591,0,HP_ProLiant_G5,1.0,1.0
0,pm_0592,0,HP_ProLiant_G5,1.0,1.0
0,pm_0593,0,HP_ProLiant_G5,1.0,1.0
0,pm_0594,0,HP_ProLiant_G5,1.0,1.0
0,pm_0595,0,HP_ProLiant_G5,1.0,1.0
0,pm_0596,0,HP_ProLiant_G5,1.0,1.0
0,pm_0597,0,HP_ProLiant_G5,1.0,1.0
0,pm_0598,0,HP_ProLiant_G5,1.0,1.0
0,pm_0599,0,HP_ProLiant_G5,1.0,1.0
0,pm_0600,0,HP_ProLiant_G5,1.0,1.0
0,pm_0601,0,HP_ProLiant_G5,1.0,1.0
0,pm_0602,0,HP_ProLiant_G5,1.0,1.0
0,pm_0603,0,HP_ProLiant_G5,1.0,1.0
0,pm_0604,0,HP_ProLiant_G5,1.0,1.0
0,pm_0605,0,HP_ProLiant_G5,1.0,1.0
0,pm_0606,0,HP_ProLiant_G5,1.0,1.0
0,pm_0607,0,HP_ProLiant_G5,1.0,1.0
0,pm_0608,0,HP_ProLiant_G5,1.0,1.0
0,pm_0609,0,HP_ProLiant_G5,1.0,1.0
0,pm_0610,0,HP_ProLiant_G5,1.0,1.0
0,pm_0611,0,HP_ProLiant_G5,1.0,1.0
0,pm_0612,0,HP_ProLiant_G5,1.0,1.0
0,pm_0613,0,HP_ProLiant_G5,1.0,1.0
0,pm_0614,0,HP_ProLiant_G5,1.0,1.0
0,pm_0615,0,HP_ProLiant_G5,1.0,1.0
0,pm_0616,0,HP_ProLiant_G5,1.0,1.0
0,pm_0617,0,HP_ProLiant_G5,1.0,1.0
0,pm_0618,0,HP_ProLiant_G5,1.0,1.0
0,pm_0619,0,HP_ProLiant_G5,1.0,1.0
0,pm_0620,0,HP_ProLiant_G5,1.0,1.0
0,pm_0621,0,HP_ProLiant_G5,1.0,1.0
0,pm_0622,0,HP_ProLiant_G5,1.0,1.0
0,pm_0623,0,HP_ProLiant_G5,1.0,1.0
0,pm_0624,0,HP_ProLiant_G5,1.0,1.0
0,pm_0625,0,HP_ProLiant_G5,1.0,1.0
0,pm_0626,0,HP_ProLiant_G5,1.0,1.0
0,pm_0627,0,HP_ProLiant_G5,1.0,1.0
0,pm_0628,0,HP_ProLiant_G5,1.0,1.0
0,pm_0629,0,HP_ProLiant_G5,1.0,1.0
0,pm_0630,0,HP_ProLiant_G5,1.0,1.0
0,pm_0631,0,HP_ProLiant_G5,1.0,1.0
0,pm_0632,0,HP_ProLiant_G5,1.0,1.0
0,pm_0633,0,HP_ProLiant_G5,1.0,1.0
0,pm_0634,0,HP_ProLiant_G5,1.0,1.0
0,pm_0635,0,HP_ProLiant_G5,1.0,1.0
0,pm_0636,0,HP_ProLiant_G5,1.0,1.0
0,pm_0637,0,HP_ProLiant_G5,1.0,1.0
0,pm_0638,0,HP_ProLiant_G5,1.0,1.0
0,pm_0639,0,HP_ProLiant_G5,1.0,1.0
0,pm_0640,0,HP_ProLiant_G5,1.0,1.0
0,pm_0641,0,HP_ProLiant_G5,1.0,1.0
0,pm_0642,0,HP_ProLiant_G5,1.0,1.0
0,pm_0643,0,HP_ProLiant_G5,1.0,1.0
0,pm_0644,0,HP_ProLiant_G5,1.0,1.0
0,pm_0645,0,HP_ProLiant_G5,1.0,1.0
0,pm_0646,0,HP_ProLiant_G5,1.0,1.0
0,pm_0647,0,HP_ProLiant_G5,1.0,1.0
0,pm_0648,0,HP_ProLiant_G5,1.0,1.0
0,pm_0649,0,HP_ProLiant_G5,1.0,1.0
0,pm_0650,0,HP_ProLiant_G5,1.0,1.0
0,pm_0651,0,HP_ProLiant_G5,1.0,1.0
0,pm_0652,0,HP_ProLiant_G5,1.0,1.0
0,pm_0653,0,HP_ProLiant_G5,1.0,1.0
0,pm_0654,0,HP_ProLiant_G5,1.0,1.0
0,pm_0655,0,HP_ProLiant_G5,1.0,1.0
0,pm_0656,0,HP_ProLiant_G5,1.0,1.0
0,pm_0657,0,HP_ProLiant_G5,1.0,1.0
0,pm_0658,0,HP_ProLiant_G5,1.0,1.0
0,pm_0659,0,HP_ProLiant_G5,1.0,1.0
0,pm_0660,0,HP_ProLiant_G5,1.0,1.0
0,pm_0661,0,HP_ProLiant_G5,1.0,1.0
0,pm_0662,0,HP_ProLiant_G5,1.0,1.0
0,pm_0663,0,HP_ProLiant_G5,1.0,1.0
0,pm_0664,0,HP_ProLiant_G5,1.0,1.0
0,pm_0665,0,HP_ProLiant_G5,1.0,1.0
0,pm_0666,0,HP_ProLiant_G5,1.0,1.0
0,pm_0667,0,HP_ProLiant_G5,1.0,1.0
0,pm_0668,0,HP_ProLiant_G5,1.0,1.0
0,pm_0669,0,HP_ProLiant_G5,1.0,1.0
0,pm_0670,0,HP_ProLiant_G5,1.0,1.0
0,pm_0671,0,HP_ProLiant_G5,1.0,1.0
0,pm_0672,0,HP_ProLiant_G5,1.0,1.0
0,pm_0673,0,HP_ProLiant_G5,1.0,1.0
0,pm_0674,0,HP_ProLiant_G5,1.0,1.0
0,pm_0675,0,HP_ProLiant_G5,1.0,1.0
0,pm_0676,0,HP_ProLiant_G5,1.0,1.0
0,pm_0677,0,HP_ProLiant_G5,1.0,1.0
0,pm_0678,0,HP_ProLiant_G5,1.0,1.0
0,pm_0679,0,HP_ProLiant_G5,1.0,1.0
0,pm_0680,0,HP_ProLiant_G5,1.0,1.0
0,pm_0681,0,HP_ProLiant_G5,1.0,1.0
0,pm_0682,0,HP_ProLiant_G5,1.0,1.0
0,pm_0683,0,HP_ProLiant_G5,1.0,1.0
0,pm_0684,0,HP_ProLiant_G5,1.0,1.0
0,pm_0685,0,HP_ProLiant_G5,1.0,1.0
0,pm_0686,0,HP_ProLiant_G5,1.0,1.0
0,pm_0687,0,HP_ProLiant_G5,1.0,1.0
0,pm_0688,0,HP_ProLiant_G5,1.0,1.0
0,pm_0689,0,HP_ProLiant_G5,1.0,1.0
0,pm_0690,0,HP_ProLiant_G5,1.0,1.0
0,pm_0691,0,HP_ProLiant_G5,1.0,1.0
0,pm_0692,0,HP_ProLiant_G5,1.0,1.0
0,pm_0693,0,HP_ProLiant_G5,1.0,1.0
0,pm_0694,0,HP_ProLiant_G5,1.0,1.0
0,pm_0695,0,HP_ProLiant_G5,1.0,1.0
0,pm_0696,0,HP_ProLiant_G5,1.0,1.0
0,pm_0697,0,HP_ProLiant_G5,1.0,1.0
0,pm_0698,0,HP_ProLiant_G5,1.0,1.0
0,pm_0699,0,HP_ProLiant_G5,1.0,1.0
0,pm_0700,0,HP_ProLiant_G5,1.0,1.0
0,pm_0701,0,HP_ProLiant_G5,1.0,1.0
0,pm_0702,0,HP_ProLiant_G5,1.0,1.0
0,pm_0703,0,HP_ProLiant_G5,1.0,1.0
0,pm_0704,0,HP_ProLiant_G5,1.0,1.0
0,pm_0705,0,HP_ProLiant_G5,1.0,1.0
0,pm_0706,0,HP_ProLiant_G5,1.0,1.0
0,pm_0707,0,HP_ProLiant_G5,1.0,1.0
0,pm_0708,0,HP_ProLiant_G5,1.0,1.0
0,pm_0709,0,HP_ProLiant_G5,1.0,1.0
0,pm_0710,0,HP_ProLiant_G5,1.0,1.0
0,pm_0711,0,HP_ProLiant_G5,1.0,1.0
0,pm_0712,0,HP_ProLiant_G5,1.0,1.0
0,pm_0713,0,HP_ProLiant_G5,1.0,1.0
0,pm_0714,0,HP_ProLiant_G5,1.0,1.0
0,pm_0715,0,HP_ProLiant_G5,1.0,1.0
0,pm_0716,0,HP_ProLiant_G5,1.0,1.0
0,pm_0717,0,HP_ProLiant_G5,1.0,1.0
0,pm_0718,0,HP_ProLiant_G5,1.0,1.0
0,pm_0719,0,HP_ProLiant_G5,1.0,1.0
0,pm_0720,0,HP_ProLiant_G5,1.0,1.0
0,pm_0721,0,HP_ProLiant_G5,1.0,1.0
0,pm_0722,0,HP_ProLiant_G5,1.0,1.0
0,pm_0723,0,HP_ProLiant_G5,1.0,1.0
0,pm_0724,0,HP_ProLiant_G5,1.0,1.0
0,pm_0725,0,HP_ProLiant_G5,1.0,1.0
0,pm_0726,0,HP_ProLiant_G5,1.0,1.0
0,pm_0727,0,HP_ProLiant_G5,1.0,1.0
0,pm_0728,0,HP_ProLiant_G5,1.0,1.0
0,pm_0729,0,HP_ProLiant_G5,1.0,1.0
0,pm_0730,0,HP_ProLiant_G5,1.0,1.0
0,pm_0731,0,HP_ProLiant_G5,1.0,1.0
0,pm_0732,0,HP_ProLiant_G5,1.0,1.0
0,pm_0733,0,HP_ProLiant_G5,1.0,1.0
0,pm_0734,0,HP_ProLiant_G5,1.0,1.0
0,pm_0735,0,HP_ProLiant_G5,1.0,1.0
0,pm_0736,0,HP_ProLiant_G5,1.0,1.0
0,pm_0737,0,HP_ProLiant_G5,1.0,1.0
0,pm_0738,0,HP_ProLiant_G5,1.0,1.0
0,pm_0739,0,HP_ProLiant_G5,1.0,1.0
0,pm_0740,0,HP_ProLiant_G5,1.0,1.0
0,pm_0741,0,HP_ProLiant_G5,1.0,1.0
0,pm_0742,0,HP_ProLiant_G5,1.0,1.0
0,pm_0743,0,HP_ProLiant_G5,1.0,1.0
0,pm_0744,0,HP_ProLiant_G5,1.0,1.0
0,pm_0745,0,HP_ProLiant_G5,1.0,1.0
0,pm_0746,0,HP_ProLiant_G5,1.0,1.0
0,pm_0747,0,HP_ProLiant_G5,1.0,1.0
0,pm_0748,0,HP_ProLiant_G5,1.0,1.0
0,pm_0749,0,HP_ProLiant_G5,1.0,1.0
0,pm_0750,0,HP_ProLiant_G5,1.0,1.0
0,pm_0751,0,HP_ProLiant_G5,1.0,1.0
0,pm_0752,0,HP_ProLiant_G5,1.0,1.0
0,pm_0753,0,HP_ProLiant_G5,1.0,1.0
0,pm_0754,0,HP_ProLiant_G5,1.0,1.0
0,pm_0755,0,HP_ProLiant_G5,1.0,1.0
0,pm_0756,0,HP_ProLiant_G5,1.0,1.0
0,pm_0757,0,HP_ProLiant_G5,1.0,1.0
0,pm_0758,0,HP_ProLiant_G5,1.0,1.0
0,pm_0759,0,HP_ProLiant_G5,1.0,1.0
0,pm_0760,0,HP_ProLiant_G5,1.0,1.0
0,pm_0761,0,HP_ProLiant_G5,1.0,1.0
0,pm_0762,0,HP_ProLiant_G5,1.0,1.0
0,pm_0763,0,HP_ProLiant_G5,1.0,1.0
0,pm_0764,0,HP_ProLiant_G5,1.0,1.0
0,pm_0765,0,HP_ProLiant_G5,1.0,1.0
0,pm_0766,0,HP_ProLiant_G5,1.0,1.0
0,pm_0767,0,HP_ProLiant_G5,1.0,1.0
0,pm_0768,0,HP_ProLiant_G5,1.0,1.0
0,pm_0769,0,HP_ProLiant_G5,1.0,1.0
0,pm_0770,0,HP_ProLiant_G5,1.0,1.0
0,pm_0771,0,HP_ProLiant_G5,1.0,1.0
0,pm_0772,0,HP_ProLiant_G5,1.0,1.0
0,pm_0773,0,HP_ProLiant_G5,1.0,1.0
0,pm_0774,0,HP_ProLiant_G5,1.0,1.0
0,pm_0775,0,HP_ProLiant_G5,1.0,1.0
0,pm_0776,0,HP_ProLiant_G5,1.0,1.0
0,pm_0777,0,HP_ProLiant_G5,1.0,1.0
0,pm_0778,0,HP_ProLiant_G5,1.0,1.0
0,pm_0779,0,HP_ProLiant_G5,1.0,1.0
0,pm_0780,0,HP_ProLiant_G5,1.0,1.0
0,pm_0781,0,HP_ProLiant_G5,1.0,1.0
0,pm_0782,0,HP_ProLiant_G5,1.0,1.0
0,pm_0783,0,HP_ProLiant_G5,1.0,1.0
0,pm_0784,0,HP_ProLiant_G5,1.0,1.0
0,pm_0785,0,HP_ProLiant_G5,1.0,1.0
0,pm_0786,0,HP_ProLiant_G5,1.0,1.0
0,pm_0787,0,HP_ProLiant_G5,1.0,1.0
0,pm_0788,0,HP_ProLiant_G5,1.0,1.0
0,pm_0789,0,HP_ProLiant_G5,1.0,1.0
0,pm_0790,0,HP_ProLiant_G5,1.0,1.0
0,pm_0791,0,HP_ProLiant_G5,1.0,1.0
0,pm_0792,0,HP_ProLiant_G5,1.0,1.0
0,pm_0793,0,HP_ProLiant_G5,1.0,1.0
0,pm_0794,0,HP_ProLiant_G5,1.0,1.0
0,pm_0795,0,HP_ProLiant_G5,1.0,1.0
0,pm_0796,0,HP_ProLiant_G5,1.0,1.0
0,pm_0797,0,HP_ProLiant_G5,1.0,1.0
0,pm_0798,0,HP_ProLiant_G5,1.0,1.0
